id,fecha,ciudad,tipo_accidente,heridos,fallecidos,daños_materiales_usd
1,2023-01-01,Arequipa,Atropello,,0.0,3566.0
2,2023-01-02,Trujillo,Caída,0.0,1.0,3181.0
3,2023-01-03,Cusco,Caída,3.0,0.0,729.0
4,2023-01-04,Trujillo,Choque,2.0,0.0,369.0
5,2023-01-05,Trujillo,Atropello,1.0,,5824.0
6,2023-01-06,Ayacucho,Choque,,,
7,2023-01-07,Cusco,Volcadura,4.0,0.0,3532.0
8,2023-01-08,Cusco,Volcadura,3.0,2.0,9572.0
9,2023-01-09,Cusco,Choque,,,
10,2023-01-10,Trujillo,Caída,1.0,1.0,5995.0
11,2023-01-11,Arequipa,Caída,2.0,,7215.0
12,2023-01-12,Cusco,Choque,2.0,0.0,6756.0
13,2023-01-13,Trujillo,Choque,4.0,,675.0
14,2023-01-14,Ayacucho,Volcadura,4.0,,7129.0
15,2023-01-15,Arequipa,Caída,,0.0,6199.0
16,2023-01-16,Ayacucho,Choque,,0.0,9599.0
17,2023-01-17,Arequipa,Volcadura,4.0,1.0,3292.0
18,2023-01-18,Trujillo,Caída,4.0,,
19,2023-01-19,Lima,Atropello,3.0,2.0,6152.0
20,2023-01-20,Arequipa,Volcadura,2.0,,
21,2023-01-21,Ayacucho,Caída,0.0,1.0,6216.0
22,2023-01-22,Trujillo,Caída,2.0,,3668.0
23,2023-01-23,Arequipa,Volcadura,2.0,1.0,9947.0
24,2023-01-24,Lima,Atropello,4.0,,9871.0
25,2023-01-25,Lima,Volcadura,,,2303.0
26,2023-01-26,Cusco,Caída,,0.0,1490.0
27,2023-01-27,Cusco,Choque,,,1842.0
28,2023-01-28,Ayacucho,Choque,3.0,0.0,2025.0
29,2023-01-29,Arequipa,Volcadura,2.0,0.0,719.0
30,2023-01-30,Arequipa,Caída,3.0,1.0,1374.0
31,2023-01-31,Cusco,Choque,0.0,2.0,1056.0
32,2023-02-01,Arequipa,Caída,2.0,0.0,2039.0
33,2023-02-02,Arequipa,Volcadura,0.0,,4053.0
34,2023-02-03,Lima,Choque,,0.0,
35,2023-02-04,Cusco,Caída,2.0,0.0,9608.0
36,2023-02-05,Trujillo,Choque,1.0,,
37,2023-02-06,Cusco,Volcadura,,1.0,381.0
38,2023-02-07,Trujillo,Caída,4.0,0.0,6362.0
39,2023-02-08,Lima,Choque,3.0,0.0,
40,2023-02-09,Ayacucho,Volcadura,,0.0,
41,2023-02-10,Arequipa,Choque,1.0,2.0,5278.0
42,2023-02-11,Lima,Choque,,,
43,2023-02-12,Arequipa,Atropello,2.0,2.0,9300.0
44,2023-02-13,Ayacucho,Atropello,3.0,,1329.0
45,2023-02-14,Ayacucho,Volcadura,0.0,1.0,9327.0
46,2023-02-15,Lima,Atropello,3.0,2.0,4685.0
47,2023-02-16,Ayacucho,Volcadura,0.0,1.0,8567.0
48,2023-02-17,Trujillo,Atropello,,0.0,
49,2023-02-18,Ayacucho,Choque,0.0,1.0,2389.0
50,2023-02-19,Arequipa,Volcadura,1.0,0.0,
51,2023-02-20,Arequipa,Volcadura,4.0,2.0,5470.0
52,2023-02-21,Arequipa,Choque,,,225.0
53,2023-02-22,Arequipa,Volcadura,,,7573.0
54,2023-02-23,Trujillo,Volcadura,4.0,,9500.0
55,2023-02-24,Cusco,Atropello,2.0,1.0,5442.0
56,2023-02-25,Lima,Volcadura,,0.0,7451.0
57,2023-02-26,Arequipa,Caída,0.0,2.0,6738.0
58,2023-02-27,Ayacucho,Choque,1.0,,
59,2023-02-28,Arequipa,Atropello,,1.0,3349.0
60,2023-03-01,Ayacucho,Atropello,4.0,,
61,2023-03-02,Ayacucho,Caída,1.0,2.0,7695.0
62,2023-03-03,Arequipa,Choque,,1.0,6394.0
63,2023-03-04,Trujillo,Choque,,0.0,6627.0
64,2023-03-05,Ayacucho,Atropello,4.0,1.0,
65,2023-03-06,Ayacucho,Volcadura,1.0,0.0,2069.0
66,2023-03-07,Arequipa,Atropello,3.0,0.0,991.0
67,2023-03-08,Ayacucho,Choque,,1.0,4570.0
68,2023-03-09,Ayacucho,Caída,,2.0,7275.0
69,2023-03-10,Arequipa,Atropello,0.0,1.0,
70,2023-03-11,Arequipa,Choque,0.0,,
71,2023-03-12,Lima,Atropello,0.0,,
72,2023-03-13,Trujillo,Volcadura,2.0,1.0,6912.0
73,2023-03-14,Trujillo,Atropello,2.0,2.0,
74,2023-03-15,Ayacucho,Atropello,0.0,,4712.0
75,2023-03-16,Trujillo,Choque,4.0,0.0,9810.0
76,2023-03-17,Ayacucho,Choque,3.0,0.0,
77,2023-03-18,Lima,Choque,,,
78,2023-03-19,Arequipa,Atropello,1.0,,6189.0
79,2023-03-20,Arequipa,Volcadura,,0.0,6357.0
80,2023-03-21,Arequipa,Caída,2.0,,
81,2023-03-22,Trujillo,Caída,0.0,2.0,3819.0
82,2023-03-23,Lima,Choque,1.0,1.0,402.0
83,2023-03-24,Trujillo,Choque,,2.0,1086.0
84,2023-03-25,Trujillo,Atropello,2.0,1.0,4540.0
85,2023-03-26,Lima,Caída,2.0,,
86,2023-03-27,Lima,Choque,0.0,1.0,3172.0
87,2023-03-28,Lima,Volcadura,3.0,0.0,
88,2023-03-29,Lima,Volcadura,4.0,,9619.0
89,2023-03-30,Arequipa,Choque,2.0,2.0,
90,2023-03-31,Cusco,Choque,0.0,1.0,3391.0
91,2023-04-01,Cusco,Caída,,0.0,
92,2023-04-02,Lima,Caída,,,5205.0
93,2023-04-03,Cusco,Atropello,2.0,2.0,
94,2023-04-04,Cusco,Caída,,0.0,8233.0
95,2023-04-05,Lima,Volcadura,4.0,,674.0
96,2023-04-06,Cusco,Volcadura,,,5804.0
97,2023-04-07,Trujillo,Choque,,,
98,2023-04-08,Ayacucho,Caída,2.0,1.0,5308.0
99,2023-04-09,Ayacucho,Atropello,,2.0,
100,2023-04-10,Lima,Volcadura,3.0,0.0,3928.0
101,2023-04-11,Arequipa,Volcadura,0.0,2.0,3330.0
102,2023-04-12,Lima,Atropello,,2.0,588.0
103,2023-04-13,Arequipa,Atropello,,0.0,
104,2023-04-14,Ayacucho,Volcadura,0.0,0.0,9639.0
105,2023-04-15,Lima,Volcadura,1.0,2.0,3273.0
106,2023-04-16,Trujillo,Atropello,2.0,0.0,1767.0
107,2023-04-17,Cusco,Volcadura,4.0,1.0,9929.0
108,2023-04-18,Arequipa,Choque,0.0,1.0,
109,2023-04-19,Cusco,Choque,0.0,0.0,3653.0
110,2023-04-20,Cusco,Atropello,,2.0,
111,2023-04-21,Lima,Caída,0.0,,1100.0
112,2023-04-22,Cusco,Atropello,0.0,,9142.0
113,2023-04-23,Trujillo,Atropello,1.0,2.0,1488.0
114,2023-04-24,Cusco,Caída,4.0,,5550.0
115,2023-04-25,Lima,Caída,2.0,1.0,
116,2023-04-26,Trujillo,Caída,2.0,2.0,1467.0
117,2023-04-27,Ayacucho,Choque,2.0,1.0,8289.0
118,2023-04-28,Cusco,Volcadura,2.0,2.0,9113.0
119,2023-04-29,Lima,Choque,1.0,0.0,554.0
120,2023-04-30,Ayacucho,Volcadura,3.0,1.0,9916.0
121,2023-05-01,Ayacucho,Choque,4.0,1.0,2872.0
122,2023-05-02,Arequipa,Volcadura,0.0,1.0,3826.0
123,2023-05-03,Trujillo,Choque,,,7332.0
124,2023-05-04,Cusco,Caída,2.0,0.0,4906.0
125,2023-05-05,Lima,Atropello,3.0,0.0,
126,2023-05-06,Arequipa,Choque,4.0,0.0,9208.0
127,2023-05-07,Trujillo,Volcadura,0.0,0.0,2975.0
128,2023-05-08,Arequipa,Caída,0.0,1.0,5692.0
129,2023-05-09,Trujillo,Choque,4.0,,
130,2023-05-10,Trujillo,Choque,,,9027.0
131,2023-05-11,Cusco,Caída,2.0,0.0,6159.0
132,2023-05-12,Trujillo,Choque,0.0,2.0,7110.0
133,2023-05-13,Arequipa,Atropello,,,7217.0
134,2023-05-14,Trujillo,Choque,,2.0,9253.0
135,2023-05-15,Cusco,Atropello,1.0,,3089.0
136,2023-05-16,Cusco,Atropello,4.0,2.0,9318.0
137,2023-05-17,Arequipa,Caída,2.0,0.0,6328.0
138,2023-05-18,Ayacucho,Choque,1.0,,6571.0
139,2023-05-19,Ayacucho,Caída,,0.0,2963.0
140,2023-05-20,Trujillo,Choque,4.0,,1277.0
141,2023-05-21,Lima,Choque,3.0,2.0,4860.0
142,2023-05-22,Trujillo,Volcadura,4.0,0.0,111.0
143,2023-05-23,Arequipa,Choque,3.0,2.0,5352.0
144,2023-05-24,Arequipa,Caída,4.0,2.0,4499.0
145,2023-05-25,Arequipa,Atropello,,,8334.0
146,2023-05-26,Arequipa,Choque,4.0,0.0,9235.0
147,2023-05-27,Arequipa,Volcadura,3.0,2.0,5545.0
148,2023-05-28,Cusco,Caída,3.0,0.0,6670.0
149,2023-05-29,Ayacucho,Choque,4.0,0.0,9296.0
150,2023-05-30,Arequipa,Caída,1.0,0.0,
151,2023-05-31,Lima,Volcadura,2.0,,
152,2023-06-01,Lima,Volcadura,2.0,2.0,9306.0
153,2023-06-02,Lima,Caída,2.0,2.0,4531.0
154,2023-06-03,Lima,Choque,3.0,1.0,5343.0
155,2023-06-04,Cusco,Atropello,3.0,2.0,
156,2023-06-05,Lima,Volcadura,,0.0,7036.0
157,2023-06-06,Arequipa,Choque,,2.0,9006.0
158,2023-06-07,Trujillo,Choque,2.0,0.0,4246.0
159,2023-06-08,Lima,Atropello,4.0,,
160,2023-06-09,Cusco,Volcadura,3.0,,4982.0
161,2023-06-10,Cusco,Volcadura,2.0,2.0,
162,2023-06-11,Lima,Choque,1.0,2.0,1063.0
163,2023-06-12,Trujillo,Choque,1.0,2.0,7251.0
164,2023-06-13,Lima,Atropello,2.0,1.0,8664.0
165,2023-06-14,Cusco,Atropello,3.0,,3710.0
166,2023-06-15,Ayacucho,Volcadura,,2.0,9984.0
167,2023-06-16,Arequipa,Caída,,0.0,
168,2023-06-17,Cusco,Volcadura,,1.0,
169,2023-06-18,Lima,Choque,0.0,2.0,205.0
170,2023-06-19,Arequipa,Volcadura,0.0,,5639.0
171,2023-06-20,Lima,Caída,3.0,1.0,9973.0
172,2023-06-21,Lima,Atropello,2.0,1.0,6887.0
173,2023-06-22,Ayacucho,Caída,3.0,1.0,2237.0
174,2023-06-23,Arequipa,Caída,3.0,0.0,4545.0
175,2023-06-24,Arequipa,Caída,,0.0,3630.0
176,2023-06-25,Ayacucho,Atropello,3.0,2.0,
177,2023-06-26,Cusco,Caída,,1.0,7152.0
178,2023-06-27,Lima,Caída,4.0,,3754.0
179,2023-06-28,Trujillo,Caída,,1.0,7202.0
180,2023-06-29,Lima,Choque,0.0,2.0,
181,2023-06-30,Lima,Caída,3.0,0.0,8205.0
182,2023-07-01,Cusco,Atropello,1.0,,8736.0
183,2023-07-02,Lima,Caída,0.0,0.0,6541.0
184,2023-07-03,Ayacucho,Caída,2.0,,5147.0
185,2023-07-04,Ayacucho,Atropello,4.0,,8327.0
186,2023-07-05,Arequipa,Caída,0.0,,5303.0
187,2023-07-06,Trujillo,Atropello,,,9767.0
188,2023-07-07,Lima,Caída,0.0,,1898.0
189,2023-07-08,Lima,Atropello,4.0,2.0,9700.0
190,2023-07-09,Cusco,Caída,4.0,1.0,
191,2023-07-10,Ayacucho,Caída,1.0,2.0,5595.0
192,2023-07-11,Trujillo,Choque,3.0,1.0,
193,2023-07-12,Arequipa,Choque,,0.0,
194,2023-07-13,Ayacucho,Caída,0.0,1.0,1400.0
195,2023-07-14,Arequipa,Caída,,,
196,2023-07-15,Cusco,Volcadura,4.0,2.0,
197,2023-07-16,Cusco,Atropello,,1.0,
198,2023-07-17,Lima,Volcadura,4.0,0.0,4716.0
199,2023-07-18,Trujillo,Choque,,,
200,2023-07-19,Arequipa,Choque,,1.0,5852.0
201,2023-07-20,Ayacucho,Choque,3.0,1.0,9952.0
202,2023-07-21,Cusco,Choque,0.0,2.0,
203,2023-07-22,Lima,Caída,4.0,0.0,
204,2023-07-23,Lima,Choque,1.0,,1172.0
205,2023-07-24,Arequipa,Caída,,0.0,3325.0
206,2023-07-25,Cusco,Caída,,1.0,
207,2023-07-26,Trujillo,Choque,3.0,1.0,
208,2023-07-27,Cusco,Choque,,,6907.0
209,2023-07-28,Arequipa,Atropello,1.0,,6774.0
210,2023-07-29,Arequipa,Volcadura,,1.0,3783.0
211,2023-07-30,Cusco,Choque,1.0,,7327.0
212,2023-07-31,Arequipa,Atropello,1.0,1.0,
213,2023-08-01,Cusco,Atropello,2.0,1.0,7100.0
214,2023-08-02,Ayacucho,Volcadura,1.0,1.0,245.0
215,2023-08-03,Cusco,Caída,,2.0,5110.0
216,2023-08-04,Cusco,Choque,0.0,0.0,3140.0
217,2023-08-05,Arequipa,Volcadura,2.0,,9754.0
218,2023-08-06,Arequipa,Choque,,2.0,9876.0
219,2023-08-07,Lima,Atropello,3.0,0.0,582.0
220,2023-08-08,Lima,Atropello,2.0,2.0,3279.0
221,2023-08-09,Ayacucho,Caída,2.0,0.0,1349.0
222,2023-08-10,Lima,Atropello,0.0,2.0,730.0
223,2023-08-11,Cusco,Atropello,3.0,,8953.0
224,2023-08-12,Arequipa,Volcadura,4.0,1.0,2952.0
225,2023-08-13,Lima,Choque,,2.0,1087.0
226,2023-08-14,Lima,Choque,0.0,2.0,7722.0
227,2023-08-15,Ayacucho,Volcadura,4.0,2.0,7427.0
228,2023-08-16,Ayacucho,Caída,2.0,,
229,2023-08-17,Cusco,Choque,1.0,1.0,8941.0
230,2023-08-18,Arequipa,Atropello,3.0,2.0,
231,2023-08-19,Ayacucho,Choque,1.0,1.0,1200.0
232,2023-08-20,Lima,Atropello,,1.0,6752.0
233,2023-08-21,Arequipa,Caída,0.0,1.0,8732.0
234,2023-08-22,Arequipa,Volcadura,0.0,,7521.0
235,2023-08-23,Lima,Choque,3.0,,5116.0
236,2023-08-24,Ayacucho,Volcadura,0.0,0.0,869.0
237,2023-08-25,Lima,Choque,,2.0,1443.0
238,2023-08-26,Arequipa,Atropello,3.0,,4458.0
239,2023-08-27,Trujillo,Volcadura,,,
240,2023-08-28,Trujillo,Choque,4.0,2.0,6880.0
241,2023-08-29,Cusco,Atropello,,2.0,6702.0
242,2023-08-30,Lima,Volcadura,0.0,2.0,
243,2023-08-31,Lima,Volcadura,4.0,,
244,2023-09-01,Cusco,Choque,2.0,,1341.0
245,2023-09-02,Cusco,Choque,2.0,2.0,
246,2023-09-03,Cusco,Choque,2.0,,9482.0
247,2023-09-04,Arequipa,Atropello,4.0,2.0,6864.0
248,2023-09-05,Lima,Choque,0.0,1.0,5201.0
249,2023-09-06,Arequipa,Volcadura,4.0,1.0,
250,2023-09-07,Cusco,Volcadura,4.0,,172.0
251,2023-09-08,Lima,Choque,2.0,2.0,
252,2023-09-09,Arequipa,Choque,,2.0,5289.0
253,2023-09-10,Arequipa,Caída,0.0,0.0,2572.0
254,2023-09-11,Cusco,Volcadura,2.0,,
255,2023-09-12,Lima,Atropello,1.0,0.0,1904.0
256,2023-09-13,Cusco,Caída,1.0,,6804.0
257,2023-09-14,Lima,Choque,,2.0,3813.0
258,2023-09-15,Trujillo,Choque,0.0,0.0,
259,2023-09-16,Ayacucho,Volcadura,1.0,2.0,2575.0
260,2023-09-17,Ayacucho,Choque,2.0,1.0,3710.0
261,2023-09-18,Ayacucho,Atropello,3.0,,4355.0
262,2023-09-19,Cusco,Volcadura,0.0,0.0,7497.0
263,2023-09-20,Trujillo,Choque,,,1835.0
264,2023-09-21,Lima,Volcadura,2.0,2.0,9877.0
265,2023-09-22,Arequipa,Choque,,2.0,8358.0
266,2023-09-23,Lima,Choque,1.0,,8079.0
267,2023-09-24,Arequipa,Choque,2.0,1.0,
268,2023-09-25,Lima,Atropello,1.0,1.0,7526.0
269,2023-09-26,Trujillo,Atropello,3.0,,8633.0
270,2023-09-27,Arequipa,Volcadura,,1.0,
271,2023-09-28,Cusco,Choque,3.0,0.0,5391.0
272,2023-09-29,Lima,Choque,,2.0,2917.0
273,2023-09-30,Lima,Atropello,4.0,0.0,9524.0
274,2023-10-01,Arequipa,Choque,,0.0,3974.0
275,2023-10-02,Cusco,Atropello,0.0,1.0,9786.0
276,2023-10-03,Cusco,Choque,2.0,2.0,
277,2023-10-04,Trujillo,Volcadura,,2.0,761.0
278,2023-10-05,Cusco,Choque,4.0,1.0,
279,2023-10-06,Cusco,Choque,,0.0,9308.0
280,2023-10-07,Cusco,Caída,4.0,,307.0
281,2023-10-08,Ayacucho,Atropello,2.0,0.0,2765.0
282,2023-10-09,Trujillo,Choque,2.0,,2593.0
283,2023-10-10,Lima,Choque,0.0,2.0,
284,2023-10-11,Arequipa,Caída,3.0,2.0,
285,2023-10-12,Lima,Caída,1.0,,3183.0
286,2023-10-13,Trujillo,Atropello,,1.0,3819.0
287,2023-10-14,Arequipa,Caída,2.0,2.0,7223.0
288,2023-10-15,Trujillo,Volcadura,3.0,2.0,1779.0
289,2023-10-16,Cusco,Caída,3.0,0.0,
290,2023-10-17,Arequipa,Volcadura,4.0,0.0,7546.0
291,2023-10-18,Cusco,Atropello,4.0,1.0,4543.0
292,2023-10-19,Lima,Atropello,1.0,2.0,6870.0
293,2023-10-20,Lima,Atropello,1.0,1.0,
294,2023-10-21,Arequipa,Atropello,0.0,2.0,6199.0
295,2023-10-22,Arequipa,Atropello,4.0,0.0,8655.0
296,2023-10-23,Trujillo,Volcadura,,1.0,
297,2023-10-24,Trujillo,Volcadura,4.0,,
298,2023-10-25,Cusco,Atropello,,,248.0
299,2023-10-26,Arequipa,Caída,3.0,0.0,4137.0
300,2023-10-27,Lima,Choque,,1.0,6649.0
301,2023-10-28,Trujillo,Atropello,3.0,0.0,7221.0
302,2023-10-29,Trujillo,Caída,1.0,1.0,4995.0
303,2023-10-30,Lima,Choque,,0.0,5380.0
304,2023-10-31,Trujillo,Atropello,0.0,2.0,1112.0
305,2023-11-01,Cusco,Atropello,4.0,,9815.0
306,2023-11-02,Arequipa,Volcadura,,1.0,2885.0
307,2023-11-03,Lima,Choque,2.0,0.0,3825.0
308,2023-11-04,Arequipa,Choque,1.0,0.0,
309,2023-11-05,Trujillo,Caída,,1.0,
310,2023-11-06,Trujillo,Volcadura,2.0,2.0,6357.0
311,2023-11-07,Lima,Volcadura,3.0,,9893.0
312,2023-11-08,Cusco,Volcadura,3.0,,
313,2023-11-09,Ayacucho,Volcadura,,0.0,440.0
314,2023-11-10,Lima,Choque,4.0,1.0,
315,2023-11-11,Ayacucho,Choque,0.0,1.0,2596.0
316,2023-11-12,Ayacucho,Atropello,1.0,,
317,2023-11-13,Cusco,Atropello,4.0,1.0,5399.0
318,2023-11-14,Ayacucho,Volcadura,,2.0,
319,2023-11-15,Ayacucho,Volcadura,,2.0,1789.0
320,2023-11-16,Cusco,Volcadura,3.0,1.0,3367.0
321,2023-11-17,Ayacucho,Atropello,1.0,,4506.0
322,2023-11-18,Ayacucho,Caída,3.0,0.0,8553.0
323,2023-11-19,Ayacucho,Caída,0.0,,1542.0
324,2023-11-20,Lima,Atropello,1.0,0.0,
325,2023-11-21,Lima,Atropello,,1.0,4537.0
326,2023-11-22,Lima,Atropello,0.0,0.0,
327,2023-11-23,Cusco,Atropello,,2.0,8535.0
328,2023-11-24,Trujillo,Atropello,,1.0,4207.0
329,2023-11-25,Ayacucho,Atropello,0.0,2.0,660.0
330,2023-11-26,Ayacucho,Volcadura,,0.0,8885.0
331,2023-11-27,Cusco,Volcadura,1.0,,5648.0
332,2023-11-28,Ayacucho,Volcadura,4.0,0.0,1926.0
333,2023-11-29,Lima,Volcadura,,1.0,
334,2023-11-30,Trujillo,Atropello,0.0,2.0,
335,2023-12-01,Arequipa,Caída,2.0,1.0,3238.0
336,2023-12-02,Ayacucho,Choque,3.0,,
337,2023-12-03,Lima,Atropello,1.0,0.0,8364.0
338,2023-12-04,Arequipa,Choque,1.0,1.0,7942.0
339,2023-12-05,Trujillo,Caída,4.0,1.0,
340,2023-12-06,Arequipa,Volcadura,4.0,0.0,
341,2023-12-07,Lima,Caída,,1.0,
342,2023-12-08,Arequipa,Atropello,4.0,0.0,3078.0
343,2023-12-09,Cusco,Volcadura,2.0,0.0,7473.0
344,2023-12-10,Arequipa,Atropello,1.0,0.0,6007.0
345,2023-12-11,Ayacucho,Volcadura,4.0,0.0,6197.0
346,2023-12-12,Ayacucho,Choque,1.0,1.0,
347,2023-12-13,Cusco,Choque,3.0,0.0,9084.0
348,2023-12-14,Lima,Choque,0.0,0.0,4359.0
349,2023-12-15,Ayacucho,Caída,,1.0,8386.0
350,2023-12-16,Trujillo,Atropello,0.0,1.0,6001.0
351,2023-12-17,Ayacucho,Caída,4.0,,9425.0
352,2023-12-18,Ayacucho,Choque,0.0,,5017.0
353,2023-12-19,Lima,Atropello,1.0,,8529.0
354,2023-12-20,Arequipa,Choque,3.0,2.0,
355,2023-12-21,Ayacucho,Caída,4.0,1.0,2060.0
356,2023-12-22,Cusco,Caída,1.0,1.0,
357,2023-12-23,Arequipa,Caída,,1.0,
358,2023-12-24,Trujillo,Choque,2.0,,5872.0
359,2023-12-25,Lima,Atropello,0.0,2.0,2629.0
360,2023-12-26,Trujillo,Atropello,2.0,1.0,3064.0
361,2023-12-27,Arequipa,Choque,,,
362,2023-12-28,Arequipa,Atropello,3.0,,
363,2023-12-29,Arequipa,Choque,,0.0,636.0
364,2023-12-30,Trujillo,Atropello,0.0,2.0,
365,2023-12-31,Arequipa,Volcadura,,0.0,7279.0
366,2024-01-01,Trujillo,Volcadura,1.0,,8067.0
367,2024-01-02,Arequipa,Caída,4.0,2.0,
368,2024-01-03,Cusco,Volcadura,0.0,1.0,945.0
369,2024-01-04,Arequipa,Volcadura,1.0,0.0,5877.0
370,2024-01-05,Trujillo,Volcadura,4.0,1.0,3136.0
371,2024-01-06,Ayacucho,Choque,3.0,0.0,6047.0
372,2024-01-07,Arequipa,Volcadura,1.0,2.0,2594.0
373,2024-01-08,Ayacucho,Volcadura,1.0,2.0,2819.0
374,2024-01-09,Cusco,Caída,3.0,0.0,1984.0
375,2024-01-10,Lima,Volcadura,2.0,1.0,4449.0
376,2024-01-11,Cusco,Volcadura,0.0,1.0,5279.0
377,2024-01-12,Arequipa,Atropello,2.0,,6710.0
378,2024-01-13,Ayacucho,Caída,4.0,1.0,6530.0
379,2024-01-14,Ayacucho,Caída,,,7254.0
380,2024-01-15,Trujillo,Caída,2.0,2.0,6588.0
381,2024-01-16,Ayacucho,Caída,1.0,2.0,4837.0
382,2024-01-17,Trujillo,Caída,4.0,2.0,6625.0
383,2024-01-18,Lima,Caída,,2.0,3950.0
384,2024-01-19,Arequipa,Choque,2.0,1.0,789.0
385,2024-01-20,Trujillo,Volcadura,2.0,1.0,5275.0
386,2024-01-21,Lima,Caída,3.0,1.0,
387,2024-01-22,Ayacucho,Volcadura,0.0,1.0,5178.0
388,2024-01-23,Ayacucho,Volcadura,2.0,2.0,5548.0
389,2024-01-24,Lima,Choque,2.0,2.0,1279.0
390,2024-01-25,Ayacucho,Caída,1.0,,9174.0
391,2024-01-26,Lima,Atropello,,,6506.0
392,2024-01-27,Trujillo,Choque,0.0,1.0,8691.0
393,2024-01-28,Trujillo,Atropello,1.0,1.0,
394,2024-01-29,Lima,Volcadura,3.0,,8900.0
395,2024-01-30,Trujillo,Volcadura,,,1738.0
396,2024-01-31,Trujillo,Choque,2.0,1.0,5771.0
397,2024-02-01,Trujillo,Choque,2.0,,7028.0
398,2024-02-02,Cusco,Atropello,3.0,0.0,1482.0
399,2024-02-03,Arequipa,Caída,,0.0,1503.0
400,2024-02-04,Ayacucho,Atropello,0.0,0.0,9111.0
401,2024-02-05,Cusco,Choque,2.0,2.0,3392.0
402,2024-02-06,Trujillo,Atropello,4.0,1.0,9111.0
403,2024-02-07,Lima,Choque,,2.0,
404,2024-02-08,Trujillo,Atropello,1.0,2.0,
405,2024-02-09,Arequipa,Choque,0.0,1.0,3402.0
406,2024-02-10,Trujillo,Choque,,0.0,7957.0
407,2024-02-11,Lima,Choque,,0.0,9800.0
408,2024-02-12,Arequipa,Caída,4.0,2.0,
409,2024-02-13,Trujillo,Atropello,0.0,0.0,
410,2024-02-14,Arequipa,Atropello,0.0,2.0,867.0
411,2024-02-15,Ayacucho,Atropello,0.0,,2144.0
412,2024-02-16,Ayacucho,Choque,0.0,1.0,
413,2024-02-17,Trujillo,Atropello,0.0,1.0,6240.0
414,2024-02-18,Arequipa,Atropello,4.0,1.0,3816.0
415,2024-02-19,Lima,Choque,2.0,2.0,4581.0
416,2024-02-20,Trujillo,Volcadura,,1.0,7998.0
417,2024-02-21,Ayacucho,Choque,0.0,0.0,6648.0
418,2024-02-22,Ayacucho,Atropello,2.0,0.0,2393.0
419,2024-02-23,Trujillo,Choque,2.0,2.0,
420,2024-02-24,Arequipa,Volcadura,1.0,,7858.0
421,2024-02-25,Ayacucho,Choque,,1.0,
422,2024-02-26,Arequipa,Atropello,3.0,2.0,7738.0
423,2024-02-27,Ayacucho,Volcadura,,2.0,8093.0
424,2024-02-28,Ayacucho,Caída,2.0,0.0,6107.0
425,2024-02-29,Cusco,Atropello,1.0,0.0,5642.0
426,2024-03-01,Ayacucho,Volcadura,3.0,1.0,9192.0
427,2024-03-02,Lima,Volcadura,2.0,2.0,6456.0
428,2024-03-03,Trujillo,Caída,4.0,2.0,8533.0
429,2024-03-04,Trujillo,Choque,,0.0,7480.0
430,2024-03-05,Arequipa,Choque,,,2485.0
431,2024-03-06,Ayacucho,Atropello,,0.0,4368.0
432,2024-03-07,Lima,Caída,0.0,1.0,771.0
433,2024-03-08,Arequipa,Choque,4.0,0.0,
434,2024-03-09,Cusco,Caída,0.0,2.0,
435,2024-03-10,Arequipa,Choque,1.0,1.0,
436,2024-03-11,Arequipa,Volcadura,,0.0,4895.0
437,2024-03-12,Ayacucho,Choque,0.0,0.0,4898.0
438,2024-03-13,Cusco,Caída,3.0,,6136.0
439,2024-03-14,Arequipa,Volcadura,2.0,1.0,
440,2024-03-15,Lima,Volcadura,,0.0,5987.0
441,2024-03-16,Lima,Volcadura,0.0,2.0,8061.0
442,2024-03-17,Trujillo,Caída,4.0,0.0,
443,2024-03-18,Cusco,Atropello,0.0,,8837.0
444,2024-03-19,Cusco,Atropello,,0.0,4819.0
445,2024-03-20,Trujillo,Atropello,0.0,1.0,
446,2024-03-21,Arequipa,Caída,3.0,,4939.0
447,2024-03-22,Cusco,Volcadura,2.0,2.0,
448,2024-03-23,Lima,Atropello,1.0,1.0,9751.0
449,2024-03-24,Lima,Caída,,1.0,3593.0
450,2024-03-25,Ayacucho,Atropello,4.0,2.0,
451,2024-03-26,Cusco,Choque,1.0,1.0,2772.0
452,2024-03-27,Arequipa,Atropello,1.0,,
453,2024-03-28,Trujillo,Atropello,0.0,,116.0
454,2024-03-29,Trujillo,Volcadura,1.0,,3291.0
455,2024-03-30,Arequipa,Caída,4.0,1.0,
456,2024-03-31,Ayacucho,Volcadura,1.0,0.0,
457,2024-04-01,Trujillo,Volcadura,4.0,2.0,6372.0
458,2024-04-02,Cusco,Volcadura,0.0,,671.0
459,2024-04-03,Ayacucho,Volcadura,2.0,1.0,3731.0
460,2024-04-04,Cusco,Volcadura,1.0,,
461,2024-04-05,Lima,Atropello,2.0,,9412.0
462,2024-04-06,Ayacucho,Volcadura,4.0,0.0,7277.0
463,2024-04-07,Trujillo,Volcadura,1.0,,8533.0
464,2024-04-08,Ayacucho,Caída,3.0,1.0,3997.0
465,2024-04-09,Ayacucho,Choque,,1.0,8223.0
466,2024-04-10,Ayacucho,Atropello,1.0,,2379.0
467,2024-04-11,Ayacucho,Atropello,,1.0,9080.0
468,2024-04-12,Cusco,Atropello,,1.0,
469,2024-04-13,Lima,Volcadura,0.0,1.0,
470,2024-04-14,Arequipa,Volcadura,,1.0,875.0
471,2024-04-15,Ayacucho,Volcadura,3.0,,6969.0
472,2024-04-16,Trujillo,Caída,3.0,0.0,2347.0
473,2024-04-17,Ayacucho,Choque,4.0,,7188.0
474,2024-04-18,Trujillo,Volcadura,,1.0,178.0
475,2024-04-19,Cusco,Choque,,0.0,8180.0
476,2024-04-20,Trujillo,Caída,4.0,0.0,
477,2024-04-21,Arequipa,Atropello,,1.0,4026.0
478,2024-04-22,Lima,Volcadura,1.0,1.0,9147.0
479,2024-04-23,Trujillo,Choque,3.0,,7440.0
480,2024-04-24,Trujillo,Choque,0.0,2.0,7183.0
481,2024-04-25,Lima,Volcadura,,1.0,6330.0
482,2024-04-26,Arequipa,Atropello,4.0,2.0,
483,2024-04-27,Ayacucho,Atropello,,0.0,5040.0
484,2024-04-28,Trujillo,Atropello,4.0,1.0,3371.0
485,2024-04-29,Lima,Caída,1.0,2.0,3556.0
486,2024-04-30,Cusco,Choque,,1.0,
487,2024-05-01,Lima,Choque,4.0,0.0,8699.0
488,2024-05-02,Cusco,Choque,1.0,,
489,2024-05-03,Arequipa,Caída,3.0,0.0,2811.0
490,2024-05-04,Ayacucho,Choque,1.0,0.0,1768.0
491,2024-05-05,Lima,Caída,,1.0,247.0
492,2024-05-06,Trujillo,Atropello,1.0,2.0,6520.0
493,2024-05-07,Arequipa,Volcadura,1.0,0.0,465.0
494,2024-05-08,Lima,Choque,2.0,0.0,9966.0
495,2024-05-09,Trujillo,Choque,4.0,2.0,
496,2024-05-10,Lima,Atropello,4.0,,5430.0
497,2024-05-11,Cusco,Volcadura,1.0,0.0,5610.0
498,2024-05-12,Lima,Caída,2.0,2.0,8854.0
499,2024-05-13,Lima,Volcadura,,2.0,9064.0
500,2024-05-14,Lima,Atropello,,2.0,6593.0
